fixture	best_dx	best_dy	foreground_shift_score_pct
640x480	0	0	76.29675750754346
configured	0	0	76.48188803512623
fullscreen	0	0	76.89053095763066
hidpi	0	0	81.70242667280503
