fader	db	roundtrip
0	-1000	0
0.0250000004	-60	0.0250000004
0.075000003	-50	0.075000003
0.150000006	-40	0.150000006
0.300000012	-30	0.300000012
0.5	-20	0.5
1	0	1
